candidate_id,method,feature_space,k,selection_score,silhouette_score,calinski_harabasz_score,davies_bouldin_score,repeat_mean_ari,bootstrap_mean_ari,smallest_cluster_fraction,noise_fraction,cluster_entropy,eligible_for_final_selection,exclusion_reasons
pca_scores__kmeans__k-4,kmeans,pca_scores,4,0.7717622872637471,0.3710296712225902,879.2446291614956,1.0814824195522463,1.0,0.9928502835012988,0.12358674463937622,0.0,0.869341616540468,true,
pca_scores__fuzzy__k-4,fuzzy,pca_scores,4,0.7655980894898434,0.35350846018355986,855.9104600406256,1.1213870218852198,1.0,0.9883058822061154,0.13879142300194933,0.0,0.9007290335697498,true,
pca_scores__kmeans__k-5,kmeans,pca_scores,5,0.7490379931463655,0.36532129219013215,874.8911937615683,1.0029779294028356,0.9986489335080425,0.9927078636720934,0.0304093567251462,0.0,0.8108653066418655,true,
pca_scores__fuzzy__k-3,fuzzy,pca_scores,3,0.7218417993793893,0.30218631028586734,786.9546817411274,1.3167270230253987,1.0,0.9763666110112321,0.1847953216374269,0.0,0.9101254574776068,true,
pca_scores__kmeans__k-3,kmeans,pca_scores,3,0.7212153375423661,0.3271200211109109,822.9036644754715,1.2455973528902768,0.9993660747514297,0.9696983909571231,0.1571150097465887,0.0,0.8465466392361451,true,
pca_scores__kmeans__k-2,kmeans,pca_scores,2,0.7148546604676632,0.4370831222746392,865.6979984534321,1.4079329288073383,1.0,0.9835334178681582,0.1898635477582846,0.0,0.7011859250813741,true,
pca_scores__fuzzy__k-2,fuzzy,pca_scores,2,0.7002123455027667,0.36333559158505496,759.3419399990382,1.6640261430800112,1.0,0.9684149526236058,0.30214424951267055,0.0,0.8838962415727641,true,
selected_features__kmeans__k-4,kmeans,selected_features,4,0.6949934922381026,0.3002016581946503,661.5004870604693,1.2865490936097121,0.9993727108346393,0.9937453449567761,0.12475633528265107,0.0,0.8689297692280676,true,
pca_scores__fuzzy__k-5,fuzzy,pca_scores,5,0.6888028492652446,0.21711320141844917,722.2328888680856,1.3069979733499952,1.0,0.9816649073647153,0.12436647173489279,0.0,0.9716318494013587,true,
pca_scores__gmm__k-2__covariance-diag,gmm,pca_scores,2,0.6824596816851698,0.3583484979273726,621.2989889951035,1.8864237152082817,0.9984349644995036,0.9919406069487254,0.3376218323586745,0.0,0.9225247607724923,true,
selected_features__kmeans__k-5,kmeans,selected_features,5,0.6689591757032881,0.2936673430992508,639.1788499313852,1.1981626714839804,0.9993977283546109,0.9919810659619935,0.0304093567251462,0.0,0.8071940296910555,true,
selected_features__kmeans__k-3,kmeans,selected_features,3,0.6686384867594576,0.27043003758319073,653.105385578436,1.4410592175402532,1.0,0.9949637066163786,0.15867446393762183,0.0,0.8467349998021044,true,
pca_scores__gmm__k-4__covariance-diag,gmm,pca_scores,4,0.6651079797504822,0.2615401829766603,540.1424683866567,1.5657503441595049,1.0,0.9877465380222797,0.18050682261208578,0.0,0.9615462527107564,true,
selected_features__kmeans__k-2,kmeans,selected_features,2,0.6592285670171806,0.39007990686062577,702.6010053547199,1.6033009617652878,0.9978243239905594,0.9858662380918886,0.19454191033138402,0.0,0.7108766761997158,true,
selected_features__fuzzy__k-3,fuzzy,selected_features,3,0.6570129268323615,0.23538823273502169,611.4067806816886,1.561700010426503,1.0,0.9729858049066985,0.21091617933723197,0.0,0.935176075916993,true,
selected_features__kmeans__k-6,kmeans,selected_features,6,0.6567273021373478,0.30483813710198815,623.2791949475786,1.1644433667980187,0.9932689060856993,0.9792769646074361,0.023391812865497075,0.0,0.7682893256310355,true,
pca_scores__fuzzy__k-6,fuzzy,pca_scores,6,0.6558707422402352,0.22995923787971256,684.6736727656591,1.4820498619464608,1.0,0.9802900945274473,0.06510721247563353,0.0,0.9338848418329571,true,
pca_scores__gmm__k-3__covariance-diag,gmm,pca_scores,3,0.6487285779591873,0.251951747101601,505.8485798909368,1.6144921857072767,0.9997475404531746,0.991306540698076,0.17855750487329436,0.0,0.9420829770495283,true,
selected_features__fuzzy__k-5,fuzzy,selected_features,5,0.6153015435516264,0.15445425461990564,533.0872194033276,1.5891036989254572,0.9937019841495882,0.9837965223387551,0.13801169590643275,0.0,0.979488586056641,true,
selected_features__gmm__k-2__covariance-diag,gmm,selected_features,2,0.588801844001842,0.281512787377099,469.90403291116064,2.093227614543393,1.0,1.0,0.27134502923976606,0.0,0.8433880544445855,true,
selected_features__fuzzy__k-6,fuzzy,selected_features,6,0.4659172151403895,0.08801370372424162,435.32895128063126,2.4348254752158787,0.9819340368473578,0.9675278984367058,0.03352826510721248,0.0,0.9287154119128067,true,
selected_features__hdbscan__mcs-52,hdbscan,selected_features,,0.8167954458807654,0.5075280497143471,1133.8953301473825,0.7569498962232984,0.9997327105842779,0.914958200258976,0.09317738791423003,0.6070175438596491,0.7901896813838927,false,"bootstrap_instability,excessive_noise,robustness_only_method"
pca_scores__hdbscan__mcs-52,hdbscan,pca_scores,,0.7899997255100447,0.5834728418707004,981.6413755954732,0.5611902416594784,0.9992040787927307,0.9026201982586631,0.028460038986354776,0.631578947368421,0.5583726541934669,false,"bootstrap_instability,excessive_noise,robustness_only_method"
pca_scores__kmeans__k-7,kmeans,pca_scores,7,0.7447928373445791,0.39867357019054606,901.9248429044992,0.9509971882764823,0.9988003463517466,0.9944246352575328,0.012865497076023392,0.0,0.7469188072588395,false,tiny_cluster
pca_scores__kmeans__k-8,kmeans,pca_scores,8,0.7365448910219556,0.4084064070393396,895.421355560305,0.9200550218857639,0.9983331947846728,0.9919709397756481,0.012865497076023392,0.0,0.7316179326449631,false,tiny_cluster
pca_scores__kmeans__k-6,kmeans,pca_scores,6,0.7360596463642473,0.38509087234574374,867.3610192892729,0.9284116360867527,0.9994878172338225,0.9647692859616642,0.012865497076023392,0.0,0.7596999804366933,false,tiny_cluster
pca_scores__ward__k-4,ward,pca_scores,4,0.6845790412973337,0.34462140606550096,749.1491543113515,1.1760402479658405,1.0,0.8653066085411265,0.1259259259259259,0.0,0.8861065728765137,false,bootstrap_instability
pca_scores__ward__k-8,ward,pca_scores,8,0.6649111171957655,0.3924365175455219,807.9103514137273,0.965315552748774,1.0,0.873812238567819,0.0152046783625731,0.0,0.7340262942300751,false,"tiny_cluster,bootstrap_instability"
pca_scores__ward__k-5,ward,pca_scores,5,0.6632299853611144,0.34211338253202905,756.1183379016762,1.0853769278297578,1.0,0.8646801586204406,0.030019493177387915,0.0,0.8176371607677867,false,bootstrap_instability
pca_scores__ward__k-7,ward,pca_scores,7,0.6611477478104016,0.3773316926493845,777.497506053713,0.9942595438014801,1.0,0.8686187824479423,0.0152046783625731,0.0,0.7435857959830955,false,"tiny_cluster,bootstrap_instability"
pca_scores__ward__k-6,ward,pca_scores,6,0.6590553642435687,0.36463424280738094,752.8631754985007,1.028781906591224,1.0,0.8535020691342539,0.0152046783625731,0.0,0.7724448791281975,false,"tiny_cluster,bootstrap_instability"
selected_features__kmeans__k-7,kmeans,selected_features,7,0.6550142783760439,0.31947250242789865,622.5980544386786,1.0793979840659558,0.9919545503006674,0.9873949678198124,0.012865497076023392,0.0,0.7371047110346313,false,tiny_cluster
selected_features__ward__k-4,ward,selected_features,4,0.6546482206914452,0.29161830323084253,601.3262174648568,1.3041653495437309,1.0,0.936149023804295,0.10955165692007797,0.0,0.8669446593159567,false,bootstrap_instability
selected_features__kmeans__k-8,kmeans,selected_features,8,0.6442059796080538,0.3325707525615524,612.4249170001631,1.0854741579284555,0.9895529035477878,0.9816234865650851,0.012865497076023392,0.0,0.7293390846770811,false,tiny_cluster
selected_features__ward__k-5,ward,selected_features,5,0.6287790176317779,0.28028577106913943,588.044703227526,1.2164038072033174,1.0,0.93535993952433,0.029239766081871343,0.0,0.7990132192743907,false,bootstrap_instability
selected_features__fuzzy__k-2,fuzzy,selected_features,2,0.6286673582205369,0.2744921226988928,592.7559465552106,1.8977575699069196,1.0,0.9471513266401288,0.3454191033138402,0.0,0.9299102536342135,false,bootstrap_instability
pca_scores__gmm__k-3__covariance-full,gmm,pca_scores,3,0.6235062925796816,0.27648177505473115,621.9707116263766,1.7687848740730245,0.9466351086312852,0.9502698108938704,0.20974658869395713,0.0,0.8978183451339451,false,repeat_instability
selected_features__ward__k-7,ward,selected_features,7,0.620421160579579,0.310595934176131,576.2919240815042,1.1285122467214919,1.0,0.9376179537496807,0.0152046783625731,0.0,0.7305744236537994,false,"tiny_cluster,bootstrap_instability"
selected_features__ward__k-6,ward,selected_features,6,0.619239759305807,0.29179815705966927,572.5629496585153,1.1944312371415728,1.0,0.9294595507007111,0.023391812865497075,0.0,0.7550534002458319,false,bootstrap_instability
selected_features__ward__k-3,ward,selected_features,3,0.6176819893977797,0.25715919786064334,593.7858585225974,1.4649734824881182,1.0,0.9212400660922365,0.1621832358674464,0.0,0.8286844457917345,false,bootstrap_instability
pca_scores__ward__k-3,ward,pca_scores,3,0.6026543707847491,0.29166037455507654,674.78710096102,1.3192631282033747,1.0,0.7971518974429157,0.1543859649122807,0.0,0.8319898337849762,false,bootstrap_instability
selected_features__ward__k-8,ward,selected_features,8,0.5940227966375125,0.31883541632660073,552.5164385405446,1.1589305842668365,1.0,0.9103025497152839,0.0152046783625731,0.0,0.7180674399073604,false,"tiny_cluster,bootstrap_instability"
selected_features__ward__k-2,ward,selected_features,2,0.5796824699975608,0.3557971728018541,607.8805238510366,1.5027127471437465,1.0,0.8904964549034908,0.1621832358674464,0.0,0.6395070586595618,false,bootstrap_instability
selected_features__fuzzy__k-4,fuzzy,selected_features,4,0.5765286735913079,0.1741083530100087,507.1139205233842,1.9140328944131217,0.9788090239990329,0.9497018238995074,0.17816764132553606,0.0,0.9736221691737059,false,bootstrap_instability
pca_scores__fuzzy__k-7,fuzzy,pca_scores,7,0.5693176035936954,0.15261539890833464,585.7110602862533,1.7467088326619127,0.9995652625018115,0.9389709812201229,0.06744639376218324,0.0,0.9648089464970315,false,bootstrap_instability
pca_scores__gmm__k-7__covariance-full,gmm,pca_scores,7,0.5611748654328677,0.28784899448696155,578.2391858140277,1.5892428893160384,0.8808669201278878,0.9190862938711668,0.030799220272904482,0.0,0.8467683936269954,false,"repeat_instability,bootstrap_instability"
pca_scores__gmm__k-5__covariance-full,gmm,pca_scores,5,0.5603408531115323,0.27219647000314956,502.0211967630218,2.1121184519560154,0.9854809845865289,0.9259567162903083,0.07251461988304093,0.0,0.9123380273343242,false,bootstrap_instability
pca_scores__gmm__k-5__covariance-diag,gmm,pca_scores,5,0.5562394172593426,0.2766885442809706,460.5335775172676,1.986565139948583,0.9697672824433604,0.9069022514451557,0.07407407407407407,0.0,0.9184229871755808,false,bootstrap_instability
pca_scores__gmm__k-6__covariance-full,gmm,pca_scores,6,0.5510020561257106,0.2864760156447269,568.5117921467498,1.6504593054136898,0.8934880761656341,0.874337622885704,0.03235867446393762,0.0,0.8610895022313705,false,"repeat_instability,bootstrap_instability"
pca_scores__gmm__k-2__covariance-full,gmm,pca_scores,2,0.5501304569668176,0.28249937517182905,494.32371354802007,2.056226805715342,0.9028236931708519,0.8570069820863389,0.3793372319688109,0.0,0.9575725846328524,false,"repeat_instability,bootstrap_instability"
pca_scores__ward__k-2,ward,pca_scores,2,0.5467071965657263,0.3730778779732014,638.2274672577431,1.3521713164352,1.0,0.7686899680524303,0.1543859649122807,0.0,0.6207082099212825,false,bootstrap_instability
selected_features__gmm__k-4__covariance-diag,gmm,selected_features,4,0.5356606077562551,0.23170250260149078,436.4679233604084,2.023806130547908,1.0,0.9238596312431526,0.0884990253411306,0.0,0.8612034383767322,false,bootstrap_instability
pca_scores__gmm__k-7__covariance-diag,gmm,pca_scores,7,0.5173377131097515,0.18097860662343965,434.9452844490471,1.634059743363005,0.9042258319443962,0.9135568317041182,0.021052631578947368,0.0,0.9307933020240611,false,"repeat_instability,bootstrap_instability"
pca_scores__gmm__k-6__covariance-diag,gmm,pca_scores,6,0.49444289394632024,0.2983086754769149,493.07890977432294,1.6930774424430843,0.8358118065546317,0.806351875257051,0.021052631578947368,0.0,0.8589490706826998,false,"repeat_instability,bootstrap_instability"
pca_scores__gmm__k-8__covariance-diag,gmm,pca_scores,8,0.48852131001478405,0.1874460554748164,431.46512077467247,1.5811446082745424,0.8793115940859001,0.8738748505517633,0.021052631578947368,0.0,0.9190455010775306,false,"repeat_instability,bootstrap_instability"
selected_features__gmm__k-4__covariance-full,gmm,selected_features,4,0.48815831962447553,0.26249935601761226,502.49686602457257,1.7120521456031872,0.8540195383994623,0.7810655949468723,0.11695906432748537,0.0,0.8635909003117156,false,"repeat_instability,bootstrap_instability"
selected_features__gmm__k-3__covariance-diag,gmm,selected_features,3,0.45648066536062326,0.21599775596491347,461.9051049207236,1.7885784888596377,0.8058951953979911,0.7909508632775083,0.15984405458089668,0.0,0.8734079454895461,false,"repeat_instability,bootstrap_instability"
selected_features__gmm__k-8__covariance-diag,gmm,selected_features,8,0.4531022894613044,0.16984424972677517,376.4917346863433,1.8079049151290514,0.8746130918734402,0.9112818587334401,0.026900584795321637,0.0,0.850404941631909,false,"repeat_instability,bootstrap_instability"
selected_features__gmm__k-8__covariance-full,gmm,selected_features,8,0.44681108270517156,0.17146558499322156,374.5210030380547,1.9098158434278099,0.8958722217189011,0.900020876068021,0.02729044834307992,0.0,0.8550187770411424,false,"repeat_instability,bootstrap_instability"
pca_scores__gmm__k-8__covariance-full,gmm,pca_scores,8,0.4465259572172784,0.2781148603202602,511.2183225493331,1.716980179215021,0.7684495826858941,0.800207346632716,0.02962962962962963,0.0,0.8476450322023292,false,"repeat_instability,bootstrap_instability"
selected_features__gmm__k-7__covariance-full,gmm,selected_features,7,0.445340078184572,0.16231966801295117,378.3874942940011,1.782072386916666,0.8733379892439903,0.8718516674183573,0.02962962962962963,0.0,0.852066636822871,false,"repeat_instability,bootstrap_instability"
selected_features__gmm__k-5__covariance-diag,gmm,selected_features,5,0.4440968949895394,0.12409455382216832,360.83106689590284,2.1942831769374043,1.0,0.844188349940646,0.07407407407407407,0.0,0.9119489345601923,false,bootstrap_instability
selected_features__gmm__k-6__covariance-diag,gmm,selected_features,6,0.4141930251426672,0.1539398386700728,382.9578986158302,1.992453055289331,0.8152372009619834,0.8449537623854972,0.028070175438596492,0.0,0.8864565659044076,false,"repeat_instability,bootstrap_instability"
selected_features__gmm__k-6__covariance-full,gmm,selected_features,6,0.4137631347406288,0.13175230306772331,342.75397400846765,2.025839249234337,0.8922260783009591,0.822157031020176,0.03391812865497076,0.0,0.9068861994139809,false,"repeat_instability,bootstrap_instability"
pca_scores__fuzzy__k-8,fuzzy,pca_scores,8,0.404307977703247,0.16875128699008174,540.2085222657743,1.7381915600744515,0.9942846626876535,0.5757063394496751,0.06783625730994151,0.0,0.9606321927758005,false,bootstrap_instability
selected_features__fuzzy__k-7,fuzzy,selected_features,7,0.4029107649762049,0.09216968269850379,372.56002566394716,2.6415284440634887,0.9415704959570518,0.9155886319792214,0.04717348927875244,0.0,0.9395911913573733,false,"repeat_instability,bootstrap_instability"
selected_features__fuzzy__k-8,fuzzy,selected_features,8,0.38051646708423104,0.022619891592967144,334.03750813225247,2.410268437745669,0.9926284371171067,0.9655733143204991,0.0015594541910331384,0.0,0.8146882395707097,false,tiny_cluster
selected_features__gmm__k-2__covariance-full,gmm,selected_features,2,0.37668099474699124,0.3237097574986317,377.98910921824086,2.2133506692148983,0.9400471867209861,0.661596373477719,0.18908382066276802,0.0,0.6995509445732804,false,"repeat_instability,bootstrap_instability"
pca_scores__gmm__k-4__covariance-full,gmm,pca_scores,4,0.35096074765366714,0.24370074551508158,465.05331072382546,2.0283365849622434,0.6771279639258618,0.718936584255159,0.042105263157894736,0.0,0.8110947104242493,false,"repeat_instability,bootstrap_instability"
selected_features__gmm__k-5__covariance-full,gmm,selected_features,5,0.3245961371913206,0.12376753449111458,359.027821359439,2.1961290668141844,0.6338316320696205,0.78825089550607,0.07758284600389864,0.0,0.9301174193089545,false,"repeat_instability,bootstrap_instability"
selected_features__gmm__k-7__covariance-diag,gmm,selected_features,7,0.31854823138760135,0.09847508193977347,304.60328279752963,2.1225089407321454,0.9175734819573333,0.6766403379465921,0.03898635477582846,0.0,0.8852544620384447,false,"repeat_instability,bootstrap_instability"
selected_features__gmm__k-3__covariance-full,gmm,selected_features,3,0.26764625876434417,0.2659168857324724,364.43995081883384,1.929301442712056,0.7215778002398812,0.6043510476154962,0.025730994152046785,0.0,0.6114862884243243,false,"repeat_instability,bootstrap_instability"
